<?xml version="1.0" encoding="utf-8"?>
<modification>
	<name>Pageviews</name>
	<code>pageviews</code>
	<version>1.0</version>
	<author>Dave-Enrick Proulx</author>
	<link>http://wwww.opencart.com</link>
	<file path="catalog/controller/common/header.php">
		<operation>
            <search>
                <![CDATA[return $this->load->view('common/header', $data);]]>
            </search>
            <add position="before" offset="1">
                <![CDATA[
					$url = $this->db->escape($_SERVER["REQUEST_URI"]);
					$title = $this->db->escape($this->document->getTitle());
					$date = date("Y-m-d H:i:s");
					$ip = $this->db->escape($_SERVER['REMOTE_ADDR']);
					if (isset($this->session->data['user_id'])) {
						$id = $this->session->data['user_id'];
					} else {
						$id = NULL;
					}

					$this->db->query("INSERT INTO " . DB_PREFIX . "visited (url, title, date, ip_address, user_id) VALUES ('$url', '$title', '$date', '$ip', '$id')");
				]]>
            </add>
		</operation>
	</file>
</modification>
